fc,b,d,a,rho,Pu_kN
35,235,399,351.96548672090887,0.014953013380711507,450.6333648320237
30,368,310,224.49802805305575,0.005044148598885127,255.94637035576184
28,211,343,257.22049731139975,0.011938462528474874,274.8237622955472
25,235,386,254.4518850699328,0.012155268204573055,305.33958293970704
30,291,517,288.61053432552734,0.008284534262312581,495.66461696949256
35,278,584,537.7558482533021,0.0133292652798629,653.54157163991
21,339,359,152.2698057938537,0.010614214446963458,416.3182340263909
21,374,461,456.08636789758145,0.012779162005240034,443.8955237747665
35,307,431,381.53872282536435,0.005701496664745225,290.96384006870665
28,257,486,463.951261692993,0.01261966569515642,454.43281456598925
30,283,554,328.28646687749796,0.01237806086331899,733.5018807574216
30,394,358,316.0095317800732,0.014762023625991995,528.9359482108968
30,333,582,331.2144806791621,0.005989576202042367,495.982790978847
28,357,439,361.534402699715,0.013088962179685379,606.0585640767316
21,242,420,103.48635004960738,0.007987364464951803,354.49483280148183
30,395,395,251.727388504604,0.014048210989669473,620.4944854972657
30,258,455,201.92722240838404,0.012469153908494596,524.7699997706213
35,347,494,124.68839868243421,0.00964980439891732,670.664495725135
28,395,423,231.2042336464284,0.013965208669089135,676.6514876656057
28,330,349,118.62935973278194,0.0049569658365148424,248.97866211555356
25,209,560,311.9534286977864,0.008517977082458154,383.067850133832
28,320,491,281.8369936143649,0.010621741411867919,704.2070635721454
21,202,326,230.27450664497093,0.010099425517047535,190.59898294496801
25,201,336,184.715173192658,0.011783723027035443,239.30654780940097
28,201,428,118.21384504056327,0.014411852002712935,381.56321285668133
25,394,541,352.0909989771506,0.01012772738516782,772.7460296423583
30,223,570,556.5522228912685,0.008562110622884835,491.9258288666144
30,312,506,196.73240163565853,0.010674743744592468,765.6359846304093
28,357,501,322.16946056729904,0.008301766861721339,622.6999187236689
30,307,405,280.81190841400786,0.013322738369942732,516.5857412015331
30,364,473,259.7265375745308,0.014208647450669925,809.485770991354
28,234,372,323.8317386285942,0.012853720792381063,312.38631428311163
21,316,549,268.62460694619426,0.009313256291276181,516.8106888155845
28,255,368,228.59908818188444,0.01423434051416017,407.5251542281879
21,204,306,284.83608515998344,0.006809901931612268,179.2064084528914
35,284,591,302.3443698740681,0.008976866718704117,570.7620904848435
25,311,525,267.85120358296734,0.0072159958817307355,454.4891472034279
25,208,429,393.26147314310316,0.009200477784241776,303.5076740144533
28,362,518,448.4619045829392,0.010601450748652472,663.9176356956872
28,234,434,388.8280396443926,0.00588851062659075,272.0019302652016
25,364,410,181.18423977228065,0.011922852089673527,622.7835997951175
30,297,305,271.2315246344784,0.011639732099268297,359.6598616187751
25,327,508,255.30125488384064,0.008493320014663568,563.5153793201845
25,396,548,187.24685938282406,0.010167775342366833,931.6950392242774
30,318,473,247.40677910364113,0.012539202616599262,672.6850410398139
21,266,571,241.1179468381724,0.004838785127421127,333.32471109284626
21,377,512,325.47805140533194,0.006421946619474881,470.29167821166675
28,367,462,112.0890367416876,0.004981006485785919,334.19365941142877
30,276,537,205.33272733260304,0.006851411971575589,469.02431785872415
30,256,488,175.1537924526315,0.014964330832899513,614.1801705522673
30,317,558,461.0816266215593,0.007113774409036809,573.127882720423
35,263,460,380.719230799881,0.010181701749786894,508.29662553014157
28,341,349,340.2171651627645,0.012927575637331459,378.19118711620155
25,345,572,277.0285018279679,0.011729087055796304,690.7240957519264
35,348,439,273.02414884482283,0.0059382714691697345,392.29974888340405
21,371,542,387.4372459718643,0.010071563211638032,529.7078770888146
21,284,448,423.1303364145569,0.014969384494849872,334.7116354547034
30,216,385,229.76555959530057,0.00863545017160824,277.36524064170817
30,303,367,233.66917827762913,0.014226261435944843,493.6551579593299
28,245,455,450.0136176017377,0.010512406705468692,387.7325563653106
25,385,507,125.02662511180041,0.013604334701211779,808.1838790113577
28,337,422,320.46874654559696,0.011520574607996208,542.3273062599919
35,285,566,561.1609038459425,0.010348689563419392,626.55513350485
35,259,582,440.5384229301393,0.007673832827573068,509.54233125209913
28,357,343,334.80551816998275,0.007668230681102738,412.91129864906526
21,320,493,390.89640505928753,0.005709130623554539,371.9585176923064
25,375,578,421.1284037024297,0.005597036567977807,508.06857187822254
28,245,540,284.5464619083274,0.009119288530753543,481.4043878623522
35,270,398,326.5056436197104,0.014836039464952395,492.97513254180484
28,227,555,239.6697287875784,0.013668984705231549,529.2392040824265
30,388,314,281.60033064599594,0.013055180499122191,417.38722281246226
21,332,301,163.92914010661033,0.01159480928821141,336.64512629570714
28,266,482,234.68986203332759,0.00661183892904494,331.9721991245069
25,321,447,223.54003791305925,0.004028665688255776,235.4393591435132
28,322,597,375.11807750254945,0.0076771106681034025,558.9445519637874
28,255,384,109.15424919401431,0.005170974551507151,217.07720114332895
25,393,565,358.71496982355467,0.007366107645809363,658.5217962580323
21,319,570,417.04377143689067,0.008480506482432836,565.3859361589123
28,264,467,258.1397350655421,0.00448154840230009,231.73183783363962
25,290,328,185.01101737043902,0.013384803645276597,359.2528574650549
30,228,555,438.6789068358755,0.007969743657659647,424.37358853911684
28,371,520,398.5862956010963,0.009763199226192103,785.8849151400689
21,311,536,201.38787983153506,0.014784928165024663,527.8981008598935
30,224,587,448.44171247721727,0.014755943168202218,579.1659255686454
25,215,432,109.18254522265133,0.013056073997254345,418.62010051534685
35,288,445,314.6962284219207,0.008001009631993839,444.5218878376554
21,356,484,195.19379495985868,0.006538184152011366,445.3939180013161
35,397,362,165.84487661476462,0.0129783996909359,781.8833208079924
21,206,378,274.63774724405005,0.010790700151076863,206.52168457657507
28,240,513,261.58478824150654,0.013132574933791483,494.35078459750326
35,320,331,183.95662973563032,0.012383094470553165,544.3046415127235
35,207,497,443.1147701002833,0.014683151615255406,443.4136950149244
35,275,556,118.44194207904003,0.005060993142658336,311.1359583492245
28,237,452,296.38022792269624,0.014318183561359233,388.46371716980934
30,305,379,236.4656740097462,0.006318618761667221,292.4639036809202
21,260,442,432.7541754297438,0.006664311017228074,283.49103197826975
21,299,381,161.550840656725,0.00564357766433949,277.4167826973662
30,261,581,491.35598278507854,0.005034981240991399,313.40931093172287
30,288,450,340.8146598706058,0.010410422152723725,549.4093826592002
35,278,459,391.2054552239245,0.005925789435510804,288.46700804109224
30,352,395,87.74605691551172,0.01120959576110125,593.152621074031
30,349,498,306.5639730340795,0.008444422726397598,621.7847041489471
35,328,393,266.8778700686521,0.008670864854045043,516.2403843005095
21,316,371,333.96652552241244,0.014991880328445903,309.9736670011569
21,278,595,501.3337042781876,0.00560298472624835,384.8684571850323
25,395,433,182.9671327231199,0.004272097124989995,289.0095101333295
25,273,432,92.44914046195694,0.012900889384033904,453.0753409661282
25,204,315,279.09012684963506,0.004780579132372054,136.0741163485706
30,214,460,166.59593302789386,0.006665444003745249,290.88659860337947
35,297,390,269.75599591084364,0.007103284679178211,342.5327307003194
28,241,382,181.3896049599264,0.004796965019244625,191.95276389097532
25,344,323,313.2531081441497,0.008169539692220243,347.7969704476255
35,216,302,178.31095026506833,0.011002942687322374,309.84564372295023
28,264,488,397.6181544991936,0.01161708911714742,510.4734702256542
25,250,595,293.7042469142189,0.004619725488367903,299.81927229716666
21,293,474,451.1985599107176,0.006498061201579768,395.0192232180264
28,341,587,540.570790797194,0.007188384486957298,646.5373364842625
35,324,399,302.6396424827775,0.014666082050603444,623.8520881248265
25,386,451,398.61062809322704,0.007458406002151613,500.2949360137487
25,397,469,315.4312704575615,0.009132535673456496,637.9897856068286
25,348,308,208.3965798183684,0.008545964327979029,406.82467509626827
21,357,500,451.25421355291695,0.01264068999037682,509.86834127726155
30,393,316,177.92380232537099,0.007566415028298314,414.2309715205645
25,254,590,489.5552885622555,0.004139957468171562,242.11646936665642
28,370,573,169.54473432171284,0.009482702679742248,885.1077853969812
35,220,397,165.1722739908502,0.004647810178722927,176.08116272413255
21,369,349,151.5302619842872,0.011211565222725279,433.114528699417
21,352,566,145.1504071367499,0.00698666684729661,557.6868384753803
28,383,518,463.01204270565665,0.008004882816140734,663.5016174867673
28,245,371,280.7856928828323,0.009155050029167205,329.12206413155496
21,225,539,427.19561909423595,0.006461628292051807,317.7786920661622
21,306,378,253.24534804811506,0.010467610861119948,328.4660664503934
21,316,576,353.9636388072281,0.008064042021612572,606.2742289140058
28,351,412,374.7987813624056,0.010874677954458518,515.6242645442261
21,289,521,435.3143874336152,0.010189347305889489,398.0501512124325
35,291,378,225.49801266955458,0.012915179120634246,554.3057855071454
30,245,559,235.04994267366263,0.014757053080787771,650.1351531420108
35,207,476,343.4264018953997,0.012392010427191538,485.84784135791557
35,265,414,88.36869418530806,0.013080773268365596,596.082674115843
35,240,582,158.22204608117914,0.013951455733312362,865.623108663878
28,209,563,353.8144452547452,0.013030174827115418,500.9477009290316
28,272,500,145.53222530195256,0.013882025709377478,613.7025351761291
28,220,508,376.52793051954177,0.010162677126559161,455.63233563893425
28,325,315,69.73170380595135,0.0061011466814945205,244.52955165282268
28,303,459,344.0217452099015,0.013694879655185302,555.4587103956561
28,247,315,80.11225104633914,0.012073663529528048,360.5852801651401
30,200,361,174.8065928613722,0.007887464059825613,216.0081812224981
21,344,599,126.53997326356027,0.012897109859242585,674.023123012767
25,206,408,208.16471778795614,0.009583954070913041,342.97206712320246
28,257,356,118.51764008874831,0.004158196103386501,150.5332176015503
30,254,578,550.4308447230663,0.00849399014125058,527.6956855380948
30,201,456,214.86304066904592,0.007223092748058518,260.2759463821548
28,254,447,236.0945591775703,0.004653874014895869,218.0400373574554
35,378,497,319.2217193610774,0.008605842490935094,746.5724304842846
28,246,482,335.6405464854574,0.013436631700992597,437.58136283665755
30,397,356,285.61274001245243,0.012330243494444832,537.9700676390789
30,274,483,168.58324415029352,0.011517593774219771,642.5452647123371
25,290,578,321.74368211049955,0.011637217913935304,627.0495784226893
28,276,301,228.27962547898105,0.0076357803522395466,253.83135166690997
35,358,465,229.24011550069486,0.009414262408568049,641.8804125214036
25,200,338,187.5450138203555,0.0127860602011655,261.1927280801231
35,346,459,404.7118641613794,0.00854039313009524,589.2652746488284
35,232,459,268.060970366445,0.009238765473541681,434.1790898353508
35,222,547,478.05049538749415,0.0044041204437773995,209.23950529683702
21,246,522,487.6020355065854,0.004275305337846471,249.93956106566608
25,317,473,367.88994847764206,0.011252907696321361,510.7243537132968
21,289,498,385.3225812919267,0.012093647341230895,434.7694256325253
28,366,411,231.79097045113602,0.006317993579043064,416.0447088233348
25,400,486,300.8367736938623,0.01214789953679523,717.174977692488
21,355,529,500.55275260004635,0.010884782376585788,463.19778658763624
21,293,413,239.3333503172265,0.009736433938978762,396.8649596174377
21,383,571,391.9486587805017,0.007068105906053971,580.215180273262
21,381,489,238.3936997795429,0.01092710499740995,563.8689282438656
25,354,360,198.3297279842444,0.0046861040289549565,267.1870121773802
21,236,502,414.67712568860634,0.008409050214653794,351.2110704178477
35,238,405,103.31971098144642,0.013022472763287541,500.05910425977686
30,400,581,519.2018617660598,0.010087408199619936,919.144484007337
30,234,382,290.4617879821991,0.0058949945100841535,220.66806749528251
21,382,493,177.4074704610957,0.01130138032098374,624.7534753121186
30,394,587,539.7602680710708,0.005130797489075342,504.2382419176343
21,361,413,101.56243451911165,0.014770292531857116,489.29015006380683
28,381,508,265.14521447201287,0.007136392042077434,551.4671013275876
30,220,335,307.80191149119065,0.011187524558871585,296.1897516446932
35,200,386,122.23694235134896,0.013578063603505063,400.3261962600033
30,226,349,135.91076138112052,0.013827922499064017,351.2587196307822
35,387,344,100.95526960294653,0.005931274416801326,342.8890733836966
25,382,347,201.54989639199323,0.00466896011013665,281.0139765464682
30,283,341,118.71673930132047,0.009481807180707385,357.84171983331555
35,244,393,103.42439758268289,0.011190678378904213,436.8716705209896
25,244,343,113.02115755470422,0.006430434984879333,243.41210051101808
35,323,347,195.00159457065408,0.008748928328619348,379.9176794983692
35,274,450,436.80616849759315,0.010206837596809947,553.2236490615497
30,319,554,361.20047431570293,0.006910084513039912,469.5452513827715
30,379,307,155.69043306826148,0.008224179276082553,371.2772103154491
35,299,583,178.9207244486248,0.006045687223267978,421.2632836446307
28,358,463,163.64947463524362,0.005307438559095567,365.1779238305566
30,276,533,507.6311075818837,0.014917708981441867,508.3283090215218
35,311,588,190.25120240400875,0.008016816623338297,641.1455553889388
28,310,331,296.10358794217774,0.004964646662021705,215.42896165675296
28,345,495,288.2067565947229,0.008317869454066436,554.2739304196393
28,231,347,243.85636820130753,0.014167099006055362,338.19259612908957
35,344,590,566.603689055365,0.014092620685824885,858.356358133981
30,224,304,288.4576851798326,0.012327736768348864,269.8710309377874
28,324,522,195.13389149531463,0.012980726799660143,816.77826397432
25,336,382,136.27916564544697,0.012242777260899274,553.7792890825087
28,244,430,93.45006530065108,0.006345188259196616,306.77082415411246
21,269,313,152.25703342016385,0.004758975408494423,155.05164166688132
30,300,596,531.8175413662378,0.007136991739331435,486.06393159997555
25,269,335,319.5419717079919,0.011916156466400676,274.07142407350585
28,343,486,318.9606185777611,0.0053197331757449794,383.22685887790493
30,335,451,144.09418040933602,0.007712609049182686,479.9002681631054
25,331,497,256.0228178918562,0.007220665455366173,475.8142076382839
30,298,570,220.87056528541427,0.012354529333036149,782.7070585780091
30,398,556,438.0656626703537,0.010833964748114844,880.9559087284371
21,378,539,358.32062680098545,0.011388771570935603,607.7647693191657
25,240,433,393.2150927476126,0.0058410774933887865,265.58989085298566
35,372,338,143.52155167893653,0.007356242151542248,412.1692919876766
28,304,397,343.992347822477,0.013958721293760917,423.916668025571
25,242,530,175.50256995892065,0.005479184110255493,287.315166187304
35,203,494,323.87984436946124,0.011519572017801067,506.05854218481784
25,314,450,227.81548703870132,0.011796331254959255,571.9021097973772
35,341,481,473.13737277947604,0.010246312456124642,656.510651287652
35,242,360,152.77130837556237,0.004749657072709818,167.73296257474607
25,312,509,499.1450484657412,0.006718504480702206,456.77352835547697
35,208,549,481.9986491586312,0.013622452930858188,550.2108321886753
25,296,518,263.61635789616423,0.013904782396600802,601.182637925293
21,309,587,136.21069378841423,0.009142760350393297,687.4558771182947
35,215,310,139.854998489347,0.004558597380376765,132.62950306768747
25,312,551,306.4954285157081,0.012230344200769622,603.3392375910255
21,255,597,356.7313523198417,0.013541036782534427,426.9923651522384
35,272,526,383.3202588806346,0.005751931488488245,370.57807828483016
25,300,518,173.84385567168107,0.010223602221584548,582.4053164309989
21,233,391,169.62237042910846,0.007652383531901756,299.3081727515136
21,281,420,197.81243552329977,0.007960756213509734,356.8725500184187
35,373,517,496.464194099586,0.011955110766576316,764.416521437646
35,307,487,397.90141662072955,0.008898051393351846,569.6566831342346
25,259,357,252.72309197239775,0.01397402677010925,301.2989880756383
21,357,326,216.82646299304042,0.008313209588571955,370.78380093533275
28,232,568,549.267595768965,0.00953150406231067,438.4542791122484
30,381,365,183.3212607702496,0.007822525683687728,457.1934521328882
21,320,312,286.68003429453097,0.014136133704643254,268.50463342106593
30,387,349,142.08136363682522,0.0050879651566397115,294.20351343669574
30,297,549,210.14780950105137,0.013769621520530313,708.4499311797209
25,304,497,218.0483268610091,0.014678891096736498,561.4148024143543
28,238,409,382.0823477157211,0.007218493182115813,271.1032238695656
35,219,501,241.7607649070335,0.005514265125160682,270.03448790240947
25,316,584,246.96248811751474,0.005504563202043001,414.08202022727215
35,377,582,401.7875368848029,0.009015362256168266,879.0741047414263
21,387,379,149.9469234116066,0.007632131990281003,445.72119083209753
25,226,529,521.682082494261,0.012737749417107409,385.9872098776397
28,213,432,149.056919669294,0.01365518104421568,383.67014187308285
25,327,474,173.2606281705791,0.013044804508874939,566.579813230192
30,289,337,141.64527894132468,0.006072987663298722,252.27708541044106
21,315,521,233.17322292075073,0.008430158511999786,543.3377547622997
35,248,488,187.57557166306023,0.008406951865176333,438.97914240727096
25,397,420,391.1206721078033,0.00839010267083013,543.5081834143496
28,222,402,356.8662645518093,0.005364208802562875,185.6498925577892
30,224,451,431.1988238669663,0.008342142029809978,365.99584782514376
30,359,354,214.769836121913,0.006203102403972335,322.17214913464
21,390,545,125.9749482881272,0.009948552773170916,696.5362911361201
28,354,423,328.3582857648964,0.012370665519943822,525.6497298436396
30,244,332,240.11598102964533,0.007035005384001323,247.35968898089942
25,323,389,100.72504911184333,0.010869385943037584,514.7992102235067
21,309,365,152.28221521605144,0.007572274212505356,392.2734155611906
21,262,569,407.5287485095381,0.009506168538222715,433.94061874206676
25,384,500,163.06370556703365,0.01005113044677576,728.1597065932565
30,250,383,315.27690944087647,0.009261114852312029,338.0528059714718
25,263,397,296.0605843507953,0.007811754619411412,365.0847114607379
35,202,592,158.90997155042862,0.007794551712551367,411.83189562113006
35,339,350,314.4618956101683,0.012279068689806334,502.725835622572
28,375,329,78.19630434543019,0.014059744199505664,609.7461980808102
30,241,557,548.1212504834862,0.012103088517349135,499.27243910867924
21,200,389,370.97589645427354,0.014518598916514407,191.30663013470217
30,325,322,212.83840724137178,0.010734592570456935,420.128403395487
28,223,390,199.27014313486114,0.007383477883204559,265.5462983602806
25,265,427,167.8253914746633,0.011715455003147756,415.60446692461886
25,279,511,134.64070549522506,0.010147405640449528,608.5961375411113
21,204,468,404.2052094890477,0.014049323136238917,276.01261117609135
35,395,499,169.36268145334645,0.014691993273364007,1098.146837116167
35,299,336,229.67043063103938,0.010794385046438093,491.0741094273359
30,279,512,183.4270452587807,0.008154691346911897,488.7408742547149
35,343,487,418.47484751372957,0.006410861671693762,472.37431773966625
21,393,468,114.67860209834359,0.009282917324945433,655.6921135363909
28,242,325,318.6396092238542,0.013653686323498122,243.23050527531947
28,320,446,358.473114768783,0.009214024529949766,551.402701634666
25,237,360,250.60723799174903,0.009120233338352275,279.39681646331826
28,396,561,490.7104751142141,0.004862733389155192,444.3412584218036
28,393,514,505.2723864499797,0.00865052416403001,631.4247347131521
30,232,479,459.07185915870537,0.00785706117431454,343.2661382014998
35,307,528,527.3905683906625,0.011428161754016085,714.7301010098712
21,323,501,485.10519630810467,0.012277017091421488,450.07483572985126
35,349,402,313.83307416726547,0.008984728537563226,542.5524715082881
35,267,461,276.1186130765237,0.012135837414165563,644.2543951985698
21,239,428,264.0413758711639,0.00826249263811188,302.13812948174603
28,316,409,365.7761248132086,0.007931979145813376,433.47344239912735
28,311,404,177.694073733173,0.004569260770248178,259.707960387464
25,322,456,386.7210503055518,0.014421300022284499,464.2656976544557
21,299,361,200.30614093616643,0.01027182923647334,306.06503950795775
30,380,306,115.24536662562076,0.009748088763321821,477.48171894551814
35,385,511,255.76160216618322,0.004573338098882355,370.0969994789942
21,392,481,306.73928537459597,0.011998342072165373,561.0763931246647
35,200,546,455.0158978036296,0.01108136758259146,520.4774751183506
30,339,328,171.1560460024174,0.013706239810524204,546.5455562019182
21,203,416,396.4972852563526,0.004987879848543101,160.3801315781535
35,394,346,344.76798760606357,0.009717264584932418,569.7148773068686
21,298,492,399.8561042575977,0.004533625584700089,284.6496195568299
21,376,430,169.8639372438512,0.01142363392851826,554.1018450824268
28,331,345,177.8976610919682,0.008976915369503288,453.86232160626867
35,375,555,205.89535717916635,0.004199517632783378,369.03419815001195
35,265,590,336.2972480552255,0.010358893513176037,717.0462985895127
25,203,462,364.3028842871488,0.012241435312698844,293.0105472851783
28,234,472,466.2680038005676,0.008910121431938303,386.132335475119
21,344,497,433.55960910487,0.013732284362625918,497.016464417006
21,206,571,308.71900046236186,0.010914933516734976,395.1719950825757
25,358,332,302.534296915173,0.009259798642658856,345.9448800753848
25,294,551,418.8989415869443,0.014901610744165609,569.1373486838733
28,284,499,420.967138345015,0.009933127246046522,564.2415944495073
30,271,457,444.44612851237747,0.010882698897150054,410.3420350866747
30,298,545,264.36842478872234,0.00603491284384274,382.9652294675824
30,201,511,291.732201782689,0.005362966949733658,218.22618844692906
35,399,395,337.3230574673385,0.012412669615052621,688.8458803507364
30,241,490,239.62607230401184,0.00933858876171837,433.25488035244695
25,257,401,112.71880803773342,0.013891841364619288,428.1570721023889
21,246,560,276.825664238209,0.009324443164670092,430.5540815247491
28,368,452,449.08290856258475,0.012203900032781557,583.3879657779717
25,395,356,130.1509981153991,0.005855717364121365,332.879923935485
30,243,373,78.4058133811675,0.008520725014174706,298.16343057347797
28,229,437,228.0300478632877,0.004565030356701486,175.01279992403423
35,346,359,342.70970259961337,0.013672812077384782,524.0161861063642
21,250,480,341.7246460843188,0.0040115055383696824,215.73520330313687
25,339,307,65.69446150041539,0.010727496375086042,455.8604106798163
30,325,464,241.21980747792426,0.005650800678611283,379.9924032217022
35,255,553,536.6894563321226,0.012927344025881181,578.9596139323348
28,222,405,153.79400512378635,0.014055259853352781,410.1410117316355
30,279,544,208.58588322975825,0.01455395105830923,667.1858059190643
28,215,317,304.275121542022,0.014562307125448992,248.29529300155016
21,341,352,91.61964363872025,0.01469698965199043,393.0954552126116
25,337,423,207.22652633057407,0.012998436303109952,496.16906313932145
30,283,399,341.36861035993076,0.009995097257607275,415.91748308683714
28,289,380,334.0035072106057,0.005221352530389884,250.0341835878628
21,291,442,333.0540948144469,0.005229213680776353,279.3312375570612
21,371,334,281.83589370339104,0.007759256316312642,305.08006900733255
28,383,415,221.19737148040645,0.007846591805814403,477.79078209056684
25,274,318,138.24172823430612,0.0046832434704420015,165.82306107366026
28,243,467,394.48209349869944,0.00934640196355893,408.2574624630137
28,221,561,250.9562043108938,0.00406446435831526,225.99884265555625
35,366,535,423.07793273770636,0.005569819876788153,475.4094575944123
28,257,390,323.08338787957194,0.013200192895789916,397.0133541481087
21,252,519,301.1646553977637,0.007395236399363481,407.58919093011014
25,399,367,147.4720617468102,0.006076119115445909,356.53913557166226
30,392,377,269.43898030248687,0.01224667761387467,553.8124403394526
35,248,514,443.93422532526813,0.008215641674921155,414.76760168922675
25,224,578,421.8608510993998,0.013385378073093073,463.96264874738284
30,305,429,270.19295524467077,0.01024398286485689,538.8409469983073
21,296,389,204.69194172540438,0.008083265213600137,389.61756925605204
28,316,458,261.29207616512616,0.004252462630228894,272.40912830273214
30,321,454,130.1676654494193,0.010003233455668961,651.6284418897161
30,363,391,140.1643777715489,0.007540168294411978,414.7056871244676
30,383,522,510.7914925610022,0.007682828897271744,631.5840848293087
28,342,410,338.5032392254271,0.0053175638644192245,287.1557854821248
25,356,500,372.41973315730314,0.009170614160700304,661.3966549457208
25,323,374,314.65976431449013,0.005864509305719735,322.9872992201409
25,307,555,137.1630793120896,0.014901184516333729,642.8553066163229
28,299,541,513.4640966192218,0.010803923259986003,606.8926974753324
28,345,502,173.1952462048259,0.009841386812127857,686.2401091311272
28,311,545,495.0262792610263,0.0047430377787736,311.04138326794555
25,338,319,136.4353747959487,0.006562879294257584,317.23431241130726
21,375,569,392.1106620713059,0.004858981452614621,467.03619409557933
25,276,329,225.1382777950094,0.011612795445647129,296.65761892268006
25,394,331,264.7352356607876,0.014935332101643484,401.15525669701947
35,359,486,388.76157941575383,0.007006852411307277,493.355354226761
21,385,521,480.9260179708485,0.013564005307149098,544.8273152045131
25,227,402,313.861187551462,0.014538135566125975,293.18326854248534
35,341,324,322.32960677722605,0.005057550624366422,225.96420408859143
21,283,432,266.8304283287676,0.012795659824447187,357.3489246519562
28,351,407,100.45304642356143,0.005077342051409599,333.7366149669883
28,396,313,156.6736287785316,0.00502874161133893,274.410447060092
30,216,563,460.5695944331728,0.011453596536420526,477.4426677086761
28,303,422,144.3903802389209,0.010506198334820619,608.1321943848207
25,370,351,260.0824010011451,0.013312227083814071,437.7310878401236
30,313,324,114.73581681919472,0.00438514778154891,196.66960578510285
21,340,466,312.5789674630545,0.013680479007095929,494.87036715905253
21,233,581,362.53895527337664,0.011314959289946084,390.7656298448585
21,315,445,139.74511451764528,0.01042166651188668,515.6107284223673
21,232,363,312.5019100202937,0.00963280921925222,248.7332185523721
21,227,539,232.7352846277215,0.008143597552588016,378.605981822584
25,226,302,105.39718515785222,0.006332741540378906,197.34401058284934
28,375,480,196.05542684982382,0.010021367730097718,767.1143043528091
21,397,456,295.595201138754,0.009776389174439437,579.4556798565723
25,351,501,297.43764566165225,0.012247307068200384,591.1924767233945
21,234,421,415.6229549367556,0.010047891624397898,272.29007286912474
25,207,594,522.1309526019219,0.008527652978342935,380.34659884517134
25,252,444,311.80944083740445,0.004920346760785862,233.16062638240737
35,220,400,309.2951987289832,0.01386454364546487,423.74881875632104
30,332,544,309.2959362104216,0.007456656637784775,609.2024658683509
28,361,308,292.83360463403585,0.013082697069440768,381.44332846832316
30,297,510,177.86403575729452,0.006611068980768583,424.72799035033836
30,244,522,333.5003658663004,0.004810677575997938,246.92354174306806
28,295,484,152.03586888563328,0.011798167263876877,616.4289239042253
25,215,416,373.25851992896,0.006351129091707571,233.04635590911153
21,230,338,80.59110815108693,0.014503907656999333,283.1336011394353
35,289,488,471.7091457866776,0.00846513387281727,475.18208946959254
35,289,338,308.65234555467936,0.014765875422953838,388.7839160968258
28,265,491,339.8143284692293,0.008386147114801526,464.91141413395593
25,234,588,361.0481520158383,0.009572440535715536,485.07726479940385
30,384,381,254.16622046465133,0.010230906179642113,583.2664476200822
35,335,468,462.87523277805633,0.011306292949718405,618.614133092124
21,389,465,267.8792061975614,0.0041171690396904145,326.8049344732034
25,356,596,208.40373377274875,0.010159927449088363,876.2048866293088
28,248,492,264.38901085393377,0.0063372703346029,296.67783609771726
35,227,458,215.39361209773088,0.011950864030949547,569.6137854719967
21,277,470,456.3116478639812,0.009078594863135872,330.3320281621828
28,279,393,330.90384232599797,0.012772717013230024,410.3472931590901
25,287,321,247.297294879001,0.008017570903781085,328.8576033707654
35,359,308,229.69597139218922,0.008179354455314139,351.3407873254264
25,299,518,182.87407896990948,0.00808946355865291,568.4095829967966
21,332,568,407.71907733232047,0.013907975204660009,591.3797853254662
25,392,548,452.49692311814607,0.010737220136197493,653.6588641530799
21,364,432,396.3392353667384,0.009179276574243118,383.28681195350725
35,293,493,349.6603353145504,0.006503856558764941,404.3864636572514
30,278,583,465.2801168386289,0.013934985852526168,681.3488449069808
21,281,485,102.68784656782823,0.013152274596868074,453.8356706569621
35,212,374,322.9912313387292,0.010188951003129276,368.9428074474422
35,206,520,478.5119976156266,0.014662509968525354,499.88773039048533
25,373,534,362.1767195869963,0.0138995046900844,740.0677359350608
30,286,339,147.49842990461065,0.013607653959661934,427.06444225151375
28,291,478,208.6777784808294,0.004231606868948934,251.36953954700954
35,297,331,137.5321690768102,0.012748821099843958,564.3277897861057
35,256,547,405.6391185767096,0.009861951630243893,606.7002306340281
25,294,334,70.09728561382622,0.010742251622143897,380.0393835843396
25,385,572,322.9657232418595,0.014952225899318312,771.4863804146788
30,212,476,394.8193173644534,0.006354864201290335,254.05951087685267
28,236,550,299.0103682523882,0.00585191949090965,346.1057568866311
28,291,570,481.1807245747099,0.006458124629891818,485.1212761922593
21,391,315,280.50239548284804,0.005045850853793477,277.41224706954847
28,256,422,130.95492172893853,0.010453015647467931,477.49660295974337
28,332,452,251.1196415391655,0.008802915366477692,528.1686131324623
21,240,562,237.6131616555708,0.012502072077173729,427.3470412640193
28,243,321,203.92653636790914,0.0050922733270374445,178.69532310186906
35,250,517,326.107653451201,0.005553786320729198,294.2541673668436
21,212,368,172.011803130231,0.006475562696979952,224.25083335343422
21,337,421,292.5703290711035,0.009706887759833999,450.9392618113794
25,244,533,455.3827085079173,0.006485683868441888,386.76860768645355
25,224,500,102.62356900919158,0.004485558983017406,203.43745871073597
35,242,510,271.1502669663458,0.010371608578852588,502.7529849902405
21,390,439,219.1501281863429,0.012972222800148387,550.9461310406758
30,328,596,482.31361324048504,0.007503504761784104,629.6156778624705
35,307,520,393.41546637779913,0.009821649523686186,720.4495079260527
25,271,557,534.216812440219,0.012999564211182504,502.53458453554225
25,220,394,134.13124935192906,0.006711127952225185,224.43150790507718
35,242,573,146.85581280572202,0.00638131422272935,407.1925250030772
30,353,431,174.0690157524929,0.012331845528601292,780.3390892051632
30,385,565,118.57280424512543,0.007862566258398401,649.5752757438763
28,232,513,265.139562094092,0.009065354641942865,487.2792561673235
25,372,333,206.85968979988215,0.004384007532743182,249.024237201885
21,337,425,390.6396537540074,0.009020212706144306,386.11789661413997
25,312,439,426.6335423326781,0.005141187432924509,270.7795970105234
28,290,318,144.13597856310116,0.014821021851014644,415.3167883991348
21,281,347,211.630675807203,0.008224063124438224,280.02368075903473
21,387,462,296.5269704676124,0.005998079139872036,454.6169552513201
25,342,554,239.33098243835894,0.013029281047302804,665.3475625797988
21,258,521,337.6728271811768,0.009515107324223605,436.6918613377643
28,222,540,539.3793368479139,0.012687259246418368,418.41984299319574
35,273,418,330.27687781136177,0.010057739574434944,499.8583667147563
28,314,420,411.5138330757179,0.0040759771014859895,247.3088836024639
25,238,471,451.85835728369244,0.006399898158380281,299.40682313195884
30,234,393,219.6152689881077,0.009702504939355318,395.90352853772566
21,393,402,360.5694716705914,0.006972942896996107,402.0603067900784
25,291,370,307.8285863639531,0.0130263878610375,346.2196135261956
35,273,392,296.92770257269837,0.0071386252707246285,299.07189564461413
35,202,455,220.83086989025142,0.012145045726405552,493.5816743213605
35,208,414,187.38241824616097,0.007814417005480674,294.6953721176148
25,273,471,406.28934090198015,0.01033641595197917,451.74732175720527
30,323,498,471.18664667497796,0.014279867292556118,653.9846993821407
21,267,412,128.69235883014997,0.005725077777518694,239.15546830349237
25,217,433,295.837331319476,0.013262958108450136,350.5303644129757
30,213,560,361.8956848614151,0.004761657862580479,218.48446787723304
28,346,546,159.34393781508373,0.010181668381951612,832.4530270265815
25,307,576,402.5330800810505,0.011002050325366459,655.2772138584345
28,290,334,98.39037882080008,0.007911807391566673,293.2357395015699
28,282,379,253.28894808593117,0.006309757641235154,299.9153153158995
25,207,367,184.36940783070855,0.01094245764976278,261.68323136653146
25,289,566,262.896081518317,0.004915873736433988,323.59192650731745
21,246,431,409.8068060531871,0.005921906602999671,282.8473807068759
21,381,325,188.01489892639324,0.006088380263334843,305.0414666886139
21,358,597,186.03322595595208,0.008863930488846126,722.8436533044008
30,206,559,194.13584446139765,0.012601444793907719,546.7485167476151
28,395,553,310.56339853533404,0.004931517257550744,428.066928355278
21,329,424,259.6159361097432,0.014540412420390522,460.0670328312216
35,360,450,185.38376795768602,0.011089362706637072,793.2868823681632
30,265,590,519.1388868675069,0.009175112744081296,558.9719069773638
30,218,402,159.68902473153878,0.013217601964476338,400.68967542565605
28,309,576,329.35938395933096,0.011855806753404358,692.2704947882089
28,261,557,248.68964221628815,0.012282104555177253,649.2188658800399
25,283,442,184.14164413512873,0.004379318301769407,217.91390161920694
30,300,427,119.95546493062825,0.011406922367225372,597.1228030938664
35,371,511,507.10548351792704,0.013373065555427825,729.3232010808998
30,256,482,271.93205178537795,0.014248311892402717,553.8199002631579
25,242,376,169.22403234454876,0.013151358518229586,331.1569610325392
21,373,382,162.04344495761887,0.004601264698857913,273.4379069137135
35,271,519,156.16010549239493,0.004419681865905849,256.2529119352964
28,324,366,192.0319464802685,0.004443750695783672,232.35159023736074
21,327,523,382.2698467708983,0.011421177356016339,502.04810101076106
25,319,572,454.47385818220243,0.004228487745506426,300.364590894668
35,358,359,243.61054236005117,0.011128223759147241,628.0749067810771
28,220,444,252.57608152786102,0.004336785649841268,170.35734478166023
35,302,501,469.9270281154024,0.004977805792751099,319.4732694801739
28,341,475,139.88378215165798,0.008239116866809197,512.8554961482815
25,394,339,336.5875724202972,0.012984613351357326,417.51864165367033
30,201,487,129.47667209441448,0.010383895883695073,448.25820016758234
25,386,327,136.76550178904452,0.010070810831236104,455.12251833544775
30,216,462,165.97001539916465,0.01371939962170282,485.5564097927374
30,212,458,176.71652813311172,0.005358594281931333,199.1001861523032
35,397,417,324.3613894195828,0.011356856424741622,786.9889202234763
25,224,310,133.1469144985908,0.014314530232995079,294.6306083176263
21,259,367,336.4594920871466,0.005996598137736068,253.72000682353044
25,234,435,280.15593152050843,0.009558954693829523,392.07771893532976
21,360,409,131.08708275405243,0.01242299441455667,527.0202666081985
21,292,463,420.62591201305753,0.013047247956138873,327.8183694368158
28,348,533,245.2484544094019,0.014180520366395392,852.4624061870127
21,377,543,538.8683228722956,0.01116984427277102,497.5032293550254
30,256,422,144.72250499133983,0.013012304193386276,529.1281350648349
35,255,453,331.75900480397013,0.01411549282752719,529.2044241901378
25,202,510,255.45054282770664,0.01082172173108694,392.3341629977265
25,268,338,96.16660600022388,0.01218171925788057,399.2214938252122
30,376,493,236.98108313330255,0.012647141370389796,801.6001879383211
21,370,592,448.09948496962795,0.008017037167334127,570.6662916724923
35,244,544,361.74678834255474,0.008759848452665444,514.482819739287
35,352,423,270.85947799542225,0.004163158343534101,255.23580972463748
30,332,394,271.9943522142578,0.00522790327582769,299.0812995907225
28,360,321,150.82680398228405,0.011396151541634175,477.97976110782986
28,237,473,303.3418216289292,0.007225262922169396,357.53584282441466
25,251,595,593.884682985331,0.011683262518854237,437.81206891124475
25,298,317,110.42680180408212,0.0051019076354521945,208.41323434915594
28,313,546,410.1235382813027,0.011553305332591444,640.2007730860942
28,386,324,274.2585623105928,0.004860506206511296,265.68534799631743
35,265,526,201.21060875157306,0.004280396957901082,254.96347376034763
35,236,593,281.6484830951355,0.012364965005550715,740.0577679382415
28,349,486,114.11644613216093,0.006724517629544924,478.67485844740355
21,304,452,300.29672886731424,0.012612715822576538,433.7352352686886
28,357,504,421.7333815585411,0.009481184186679637,608.6908698728553
30,246,472,214.86011556370914,0.007043162161078526,319.99533987663585
28,355,516,341.0109307190759,0.01137035594756737,702.9889224509124
28,231,500,344.53522281463773,0.010005454880364204,447.2449187833066
30,252,404,168.86269312785114,0.004467414623947645,177.2425996202351
25,282,441,420.87390914134147,0.010287398058709936,394.7965138547777
21,248,386,295.19738467024723,0.007329813626616265,280.3665675947297
35,217,511,183.52478354211962,0.009760415841976084,452.1481088551414
28,280,343,176.47145403547657,0.007698942843627759,323.10171656365526
30,396,361,116.10164194640869,0.014814857094092925,722.3612170292098
25,322,353,260.11047945916755,0.009158089399408027,358.2708761301538
30,392,513,403.62534747710004,0.007955179391548717,624.1902533008246
25,200,403,153.14158590465962,0.008044200214586626,286.9914545430759
25,345,407,364.89373668020875,0.013468821043347406,472.38664572400995
30,316,434,266.7828450102101,0.004159275934818571,221.25181306959453
28,382,530,511.7215253114363,0.006931588609740375,582.1935113980536
35,264,468,172.8201128669824,0.005656103732999225,293.95042841976897
28,340,343,106.66524515822734,0.012739884437202082,576.0216490710887
35,218,356,87.31175433082521,0.014179222703219892,458.3023939735501
30,219,583,497.1020642228178,0.007703950684091696,436.84705090024676
35,373,422,259.5180997282407,0.013099414255968566,724.9324745000421
21,296,596,245.56359561127223,0.011075615264458376,552.1598536776423
30,306,321,133.67891368478647,0.01292482761044832,423.1724170177822
25,359,484,427.2905564197672,0.014846808969960117,569.2048263942291
30,292,548,434.7030455122578,0.011739315265529106,684.0653182302947
25,336,363,274.7138955125131,0.004224266094330404,236.5093941148202
25,375,457,448.4547425278961,0.01449310584543399,504.75082825127475
21,380,502,166.9487171876445,0.00673417815335978,591.1489812154426
35,215,502,341.2990887961225,0.0114844141783017,506.4723539477205
35,273,559,387.1635046729184,0.014711515525471055,750.6235021547517
35,232,526,302.407521390614,0.01416491516448164,579.223918439338
28,231,411,208.34637490745726,0.0076036781278691,302.7714366099168
25,400,377,347.8459659617199,0.013953384036378838,475.89399162537694
35,221,385,122.16684478522723,0.004165342806133457,157.83504933890637
21,399,584,395.75181334234315,0.00775942276380837,734.4618106191103
30,274,505,413.2942869407192,0.007413863168548663,407.11577294189397
30,385,468,94.82438493284876,0.008928183081665035,619.5612361818445
25,243,391,341.55941882050746,0.011499764144641454,286.9943276523656
35,329,431,118.77937915281919,0.007830268388065446,464.4852640946085
28,237,462,172.79762032833523,0.00467569071227553,214.71147120685154
35,277,367,158.1935305325352,0.011061749937830427,462.5547603773457
25,227,511,214.3828081298204,0.009126426177365376,478.92124953489633
25,366,476,281.0410531338654,0.006743559790942967,530.5222362937106
35,265,373,129.61425210145524,0.006086225991016367,252.46382074413867
25,269,338,282.24115331659425,0.006471752393606016,263.8465494297303
21,336,496,282.77492802792693,0.007274560882700756,548.2577846023935
35,372,486,254.40580179926206,0.008086572694578329,665.4275642281187
30,390,562,508.0858152545307,0.006132094275992072,600.0488727810134
21,263,444,346.48319174982066,0.011487143811204718,305.03253324119333
30,222,426,195.372992459471,0.006852824907927539,279.0791037219755
30,203,540,282.6536701033404,0.004422591262021763,205.72291277160105
30,365,332,70.52682647346133,0.011663901989823023,632.1107400370381
21,268,404,137.67882966393364,0.012148513042973472,392.42350020400033
21,262,593,122.93419995623165,0.0044533109175970715,280.06869477233306
35,291,589,568.9177915406098,0.012012607900809531,680.8706097238688
21,314,508,385.91480046384896,0.008537845012561787,439.363813383838
30,288,440,370.64745080836485,0.004630235165552346,225.94720853730576
25,254,520,312.3842342998472,0.010209973424108997,452.1641750743919
25,235,584,383.3976984504192,0.007909248334752476,447.58472299020025
28,296,425,398.3038475402794,0.006675945381843608,380.913843559259
25,373,568,335.75257524063477,0.008334602102148453,738.1061769048881
35,267,513,417.92195452472737,0.004806144998704246,257.9751615755929
30,395,303,116.58537617509371,0.013099204827914027,518.3679657540995
30,332,334,180.8131488666211,0.013713470173079305,452.21778180751346
35,373,383,207.32263528931006,0.011137662348235863,676.6162937992284
30,386,403,260.44277594741357,0.011440850135710487,700.7113816094335
30,216,585,325.4633744726058,0.0075232641440425,400.5843682936645
28,241,307,280.4916787750139,0.00844630425310399,263.32106277267303
30,320,524,149.06563015351418,0.01092738901514683,779.6599940894777
21,202,570,488.71483306939615,0.009392766680559557,283.380949156816
25,287,588,391.47483376643896,0.010829494112131834,648.1227840089927
30,252,527,182.89113092781668,0.009996952330954866,589.7062161928803
30,286,429,367.30395110496977,0.011255259387891276,440.792043928007
28,367,405,178.07110439196296,0.008393634453528573,570.8577071807605
21,283,559,233.45060080182688,0.008405789886238552,559.0051783583173
21,306,449,176.20334385103283,0.004126668836190901,217.55718403900048
21,221,369,335.332937551726,0.014649879499603762,198.38183731301285
25,290,355,105.12978503670713,0.009632148252874746,430.67176284034025
28,333,496,270.4668229500683,0.0057948193116084505,433.40093159731333
25,245,484,137.261309446874,0.009045379888283751,482.51624526686294
35,257,391,248.0360185332495,0.0064426882517886145,297.1623494663156
28,293,496,374.52074626628746,0.010451003197725675,540.9379031891442
30,222,364,255.69723354381986,0.005341940089981746,191.4066805986784
28,400,312,215.9226045433171,0.008334128449663143,453.478191151203
28,203,591,242.48227149939927,0.008625433778696984,397.7861732704693
25,229,359,93.47576848971244,0.008049998762220614,280.2050449192999
21,258,305,166.75910151238207,0.008801503733546042,230.44102130727003
30,382,318,268.9547755799343,0.007441228925531668,374.0771041157848
30,292,436,298.8910509356543,0.008439108373463983,446.98720660916314
35,247,385,366.8604103206821,0.005789202323226284,217.24701175612492
35,235,530,416.7336108340403,0.013137706347902716,631.1154215980515
28,311,581,149.24419397468884,0.007655416479036908,537.6731272083866
21,283,307,298.47743073197915,0.006282574910119921,231.83206253961637
35,400,380,191.95223375704109,0.013385761283815108,768.6664949243819
28,218,404,85.489612530336,0.004155024929995936,167.09495803552326
28,266,531,449.11930087926936,0.010856303693605154,549.2580228904759
35,326,484,151.16603478945896,0.010596664417894353,709.4608113012316
21,316,407,241.3758124256709,0.010952658063972776,413.35592954150104
35,380,339,228.4030693116425,0.006455014890708622,377.43356843747205
30,359,397,232.71638262092875,0.006837384230016674,405.90248847774166
21,324,575,204.3342961420819,0.009283837419107818,639.5032526469695
21,310,377,280.11751923182976,0.01411609187974836,350.94272447599604
28,311,379,237.6072308877748,0.010396875024352862,474.7103551270598
21,305,482,306.3521908909461,0.014174875359598885,437.46417100081413
21,312,598,233.55159770832967,0.004315207625955915,334.6027931602748
21,307,426,366.0491094532642,0.00849734567537969,337.38687652291026
35,237,422,318.9614592190324,0.014357043688707629,477.2377440757279
35,304,485,126.66884249698505,0.01307132545703331,733.7354556685077
21,296,463,366.1681774627401,0.006736139494095277,361.98792781479636
35,359,563,405.21392577098857,0.006207537036891599,515.0231215697648
30,396,363,283.51816492329414,0.013139234318797417,596.4820338936205
30,249,325,122.44463339697487,0.009710303113910749,312.4043337922218
35,319,556,354.5002490541711,0.011253136338713172,882.2179099760889
21,379,511,500.5793670130706,0.011276737194460658,525.4449190878081
21,310,494,378.9615566364718,0.0067612194389831525,436.7014645591803
21,350,320,243.47098007088425,0.011197484832576945,301.61311833094203
30,254,300,298.1453427829488,0.0071410896381242156,244.30508355777508
28,217,422,294.2851945203894,0.006203247117268513,237.7590684893351
21,235,535,127.59228913936393,0.012972002543540797,465.90614586060354
21,307,479,389.6683893482389,0.004998159899014308,292.14341727483435
30,380,391,260.908103865855,0.00875910174464208,563.2719178511275
30,301,502,452.2292177580371,0.014431287272516639,539.4035471729989
25,261,389,227.1650938341447,0.01026691905807521,402.55132393790035
25,285,439,412.2737943291409,0.011906965738547399,399.99358406030325
35,330,418,258.43187217912174,0.006209834718027975,336.83551716954986
30,208,431,143.49522227738342,0.012895117999196294,440.8123722292285
28,296,519,139.62292640561546,0.009248672959697005,629.0444094339542
35,242,348,185.32657716868863,0.011959206595365009,388.99829395743615
35,213,575,387.6932823556384,0.01120656215266426,597.0719541159727
25,230,338,211.35682195974172,0.011916176760536638,267.7782492885607
30,363,508,467.796368921966,0.01474068177740078,681.1012228730558
35,202,531,125.73318359803939,0.010033059275792915,456.5894648401551
21,360,340,297.6955100077419,0.00916189677550245,328.7653557758036
30,258,336,333.14212756099073,0.010918785289017307,286.0012673459437
28,215,519,329.1294563165292,0.01018416566990905,404.36840978235307
30,293,560,144.37709784489374,0.013039555730574333,821.6499407429941
28,325,396,134.06276589447808,0.012511881786239847,540.6180464956324
28,378,489,316.68283127496187,0.013581035326418998,699.3576023712054
30,340,387,284.54518719678003,0.008046956590754016,434.22175332724163
25,205,461,430.08326832481794,0.012282146093417812,299.30071475960176
21,305,539,408.26147814285656,0.006555228237862913,459.49462771555295
28,312,509,434.29384247827545,0.012400745284018296,614.3997664724151
25,251,445,147.25023516090747,0.011151973103666689,449.69641856388677
21,395,574,443.2746617156264,0.00843439650952501,675.5667938766028
28,247,518,151.96040593387858,0.012466207083614449,542.8588924972435
21,373,337,334.61916539731715,0.007672048511408824,322.5883896842941
21,283,363,198.08756761105116,0.005639853214825991,264.2550748364723
35,306,484,409.5981568275429,0.011174484122145034,711.5397342959258
21,275,575,141.99879112778981,0.004471068211461725,273.02832452882853
21,304,481,294.79801078295526,0.005343384637552642,317.7808203066608
21,291,313,252.99152340257464,0.011153376929274025,240.3386190522546
28,279,381,236.75862795116274,0.004560164202285387,191.8831974758649
30,332,477,423.3030935605316,0.009815365806363073,619.6528005355881
30,327,338,213.38642303981,0.007121171764133908,342.14272965967416
35,229,424,236.08498292562214,0.013056633910761473,460.80386712618645
35,303,502,310.0471883554021,0.010467878668064116,719.1783690464422
35,371,432,169.89154677671436,0.00548463568500216,391.3843111417285
35,276,325,97.15280814830551,0.0074780401688706,275.7193234923368
35,365,332,199.33749286748656,0.014946531325189813,573.2898199405364
21,367,533,411.1473172645227,0.00854663890330781,537.9116135172269
35,370,436,404.4881686662359,0.008166376922625791,518.6059021052482
21,316,462,415.8273607052176,0.010012872500855304,353.51941339742365
25,361,449,160.16942789026004,0.012346103961825327,709.6258257613533
35,370,487,357.81793189371217,0.011454851336145084,801.8348848851786
21,387,364,326.78046322789044,0.014793589502362696,389.79446901371125
35,305,595,364.3384635123963,0.01329263456128887,959.7199202362634
21,298,549,547.9345014667837,0.01467127409670292,430.7509595867278
25,378,520,374.13915017139703,0.01377019924124501,726.9830176964217
30,330,499,406.771389856149,0.005055917665335217,316.3733562932474
35,325,443,299.48295870691567,0.004757491751703222,281.2827653363567
21,241,432,338.18151685472344,0.010775054187957798,303.97024635392523
21,247,308,155.1717312648905,0.010707939017902979,228.9993078688474
25,248,333,269.055515190369,0.004355900068905708,155.60922737879997
25,209,584,138.67547457994536,0.014118557199783374,472.70797334536195
28,270,572,528.8883882737446,0.010051395309703573,537.5778913675601
35,370,506,212.3189056900383,0.014757966749716725,1023.7295312707946
25,260,339,324.77388344066844,0.01075839000340581,256.55610684733665
30,251,501,427.69378534254287,0.009148514520992116,444.4417015988742
30,243,538,389.3205981978189,0.013411395428163424,487.33697641330053
35,396,502,253.8623973032225,0.009840790611856505,874.5121283176849
25,256,580,412.28807171809024,0.00858870779072286,489.44608964368587
35,213,402,394.5856519679013,0.00919502694835881,353.39992773912786
30,384,361,246.9644751176166,0.005357325855277411,309.31311095139836
25,236,547,285.26255619888497,0.011000916289553922,480.5713899987382
35,316,336,282.1367084208736,0.013779035972710888,512.7832813397029
30,395,455,150.31634186352974,0.010684299145963333,784.2277377405875
21,306,557,282.72878563613665,0.011572242241276313,546.5270386651399
35,353,376,183.87104568122783,0.014105780291761046,729.2374847371444
35,279,343,83.54030288178885,0.009760845432165991,365.6114781371066
35,247,474,353.95206774814443,0.01247735458039868,543.5873038824075
28,305,482,361.28048770316406,0.010430550532208809,507.043990759457
21,325,451,326.13817437096696,0.014863617784069727,430.4061809383575
21,226,494,466.80259617404755,0.005395968583001065,240.75292186195236
28,225,410,109.58731944082258,0.006642102356799172,277.64451998320357
35,348,325,147.1562993459253,0.013875360671711965,620.9139020874777
21,361,344,220.48488739191478,0.00527916201549876,290.2643262815947
30,345,553,414.2956012233474,0.009080493631448732,692.0218721689291
35,396,380,304.65050758026575,0.01337917714227707,754.5780575834189
30,305,322,154.70153148320463,0.004327480142367811,188.1537216891023
35,296,513,305.65260201783593,0.010583594624039091,740.865435058986
30,293,503,130.7187927415302,0.01139349473570396,656.8834211316964
21,356,584,417.0051359455064,0.005468993696886455,434.6002417575557
25,382,305,120.47194491644183,0.011431608788047392,496.9093340636143
28,389,377,326.47940351992196,0.014159905866365835,564.2605648835059
21,332,506,251.27566506977274,0.005285497075391691,392.0788681597484
25,221,348,185.53751353025052,0.012102342144122567,295.48480672767545
28,298,459,114.16240722163083,0.011491214658427812,592.6751950988777
21,227,318,82.04346864132964,0.009158142168738864,255.68778002192622
25,338,471,451.54389231024817,0.012128210330480957,527.8700114360829
30,231,453,196.20783345801544,0.010976913473067534,478.5524237263144
35,334,422,416.5901617062237,0.009625651919768292,517.56669214913
25,359,498,160.0344541193728,0.013940809179133649,692.736142244053
21,319,540,405.20701445934355,0.0044653921173848365,343.89176081970146
30,297,585,414.2927538941931,0.013008060372078873,758.0557965617904
35,292,430,224.2389422787227,0.007361732681608167,382.3619320624306
25,340,484,441.33857527776235,0.007304277159661509,544.0775677136697
21,299,302,187.14554586972142,0.01341203272178769,275.1514524283901
28,287,592,414.7062361089874,0.0074288334637938516,552.5036573386595
30,384,342,87.67093940851845,0.008438774642925539,484.469420434256
28,400,353,194.6739923046299,0.013803979430164497,546.3651434265049
28,242,485,304.93648670606353,0.014548650282731373,516.7568229099475
21,206,378,78.06756562843806,0.012687545313506627,262.5088099612922
21,241,501,383.1812847209657,0.01081618099740476,315.99958246334006
21,227,452,308.0656614194877,0.011468789401074273,304.9995899122026
28,308,322,132.12086490104278,0.0135604957181161,477.3445860230547
25,326,575,476.8338619220971,0.006589338232741524,559.8413615845668
35,267,378,325.9676290972418,0.00984774006269178,427.40299970342784
35,221,563,457.70099174569697,0.009193636165654514,511.62560678689556
35,221,302,131.8074211093861,0.006669907550084884,189.34096962947572
30,331,385,180.31589824687364,0.011198938709298983,628.5720432782767
28,308,513,156.78599777373162,0.014122161843764532,676.9125806440212
28,304,491,294.7387456458983,0.008078232538104156,457.4502573044272
28,267,599,248.87093308294777,0.0054528303598862255,362.4765053214884
21,331,595,539.4806366537824,0.011028558818379003,567.1988880931519
28,385,387,203.5005444132977,0.008203790508466157,520.8244752323978
30,330,349,293.44506619044506,0.010543912188551389,420.9698656180684
21,222,430,394.32695594232206,0.011442840280819953,250.18524930466646
28,276,422,223.8778580505218,0.013953725730725024,538.2292435045639
25,297,348,118.06792865483673,0.011696959674245033,450.5420843504649
35,239,475,217.90072225612772,0.0095849473286941,451.9752736682773
30,328,512,327.32882553434274,0.012720377449347347,680.235669386589
25,267,469,457.8788331422118,0.010230677966200977,376.2001560582239
21,395,371,349.6043087702636,0.01475532329723005,366.67994089614706
25,223,349,268.13111105663717,0.010931993939923406,250.77091836117094
35,210,591,124.18169490287325,0.008657585929551983,432.99958014299955
25,395,599,178.905671015177,0.005142169225933743,483.85008920696345
28,221,527,500.7546131142351,0.01051235952742327,424.8150193210037
25,265,382,149.94757339250526,0.007540596763505044,306.2118516844479
35,311,567,323.56907773523324,0.00868665770517984,614.0387253336237
35,298,569,565.6940931959291,0.008222161632237955,611.3919081201605
30,278,464,384.0431475110055,0.010484217679113696,482.10027325518837
30,259,576,261.6783019821629,0.014343747438513242,639.5693945857346
21,313,478,469.58139801665254,0.012063260958026928,369.0534953374378
30,384,494,390.16859338975854,0.008665682347493542,648.3909715064531
35,349,485,158.35794221064393,0.00976535232674474,660.3259595804379
35,398,586,281.9550365655523,0.01026308978019519,966.9125451700032
30,245,450,114.47198169196334,0.004798920238743621,204.53171008148777
35,376,527,497.7376764170576,0.011524197801976103,897.2248360747606
25,267,517,180.16123672843688,0.008047378600819463,441.5589268752325
28,282,376,351.30852968686577,0.011673853346468189,376.36440684356086
35,250,553,313.7230282793864,0.008452864338442771,526.9532197686659
30,316,332,163.05854175144702,0.011311209601825705,484.05779696542726
25,329,577,385.6915801034635,0.007159578819716272,517.1520027717411
25,328,360,253.5839826298177,0.012965438122750817,409.13367797319984
21,325,338,90.75746367969141,0.007033025109270079,303.03884254732066
25,351,321,219.216570462675,0.012520996710963397,386.02768895719925
25,350,434,296.377206713647,0.004556975322110826,311.70324664271857
28,281,424,398.94570809193976,0.006187924750323355,295.5386749204284
35,391,356,329.1481837601718,0.005507559757964962,340.2139559546913
30,272,464,120.61798779381071,0.009013480339176781,462.49909535147646
21,384,488,415.2357424572885,0.009927991575374034,540.3788965401018
21,248,312,259.357211485115,0.01115551906981442,233.44274574545034
35,361,581,572.0912579646275,0.014488537078361325,847.4449661722754
25,374,532,368.50087695008403,0.012852952635814093,740.369238343029
30,389,471,298.1416399034923,0.008003678427171618,611.775072110058
25,344,543,506.8699887507246,0.014895904012331148,569.9102218570624
35,271,541,329.00207006410136,0.005816656633791355,326.21985289622194
25,269,350,280.72279080424977,0.006680417005443259,272.09896500220054
30,203,425,216.74888167744928,0.006728028077303017,222.24706148511973
35,349,453,266.290395988169,0.012332102315700562,778.9317313730114
28,362,401,228.13636323052916,0.01038407879745357,542.7345664163936
21,354,528,527.4659034771493,0.005572878742974848,469.8912394688157
25,378,559,230.73333048708992,0.011825054860765488,890.0682045268094
28,269,417,201.05164044450595,0.00955838815015004,487.14728225418446
35,384,349,207.92290687818408,0.005792641589544593,311.5777439628513
30,203,543,349.7509309457905,0.006598339656453208,279.54581552972877
28,339,451,437.80339775788553,0.012278440381439253,523.9471759807576
28,230,428,280.24081822845477,0.010097682512615704,366.45679998529084
25,355,477,184.91571172028947,0.006642426408266254,511.3907624688831
21,340,447,161.53732287225313,0.00585616405443184,372.766218962197
25,248,319,69.87364066685335,0.0076159919271678745,263.04706638142716
28,258,379,307.4798742402577,0.013137513358724035,365.43190199483803
21,299,540,356.7268006097363,0.00975758235907859,458.5167232375746
25,205,401,332.47269136809894,0.013580230473738715,294.45032696327013
28,360,554,319.52228716296565,0.011060888268172968,745.5677819406033
25,309,374,111.09586782418681,0.006349639756438297,314.2394379729287
30,303,499,189.46886688956843,0.013115109992264147,711.5821479827098
30,227,542,261.6734175402233,0.007662714859875887,377.7868524574131
30,379,328,79.80746952111241,0.010480262436137953,499.77428985192614
30,336,398,206.32789434681243,0.006550872506653229,386.62204013597176
28,213,517,255.7014294554122,0.01012412367464859,465.4277983716483
25,217,427,287.64037502037013,0.011193000443578457,347.0837175725283
21,232,505,378.9637693299853,0.007807208674332155,330.2725014364081
30,244,428,426.8403046755963,0.012744191962307005,408.9725355383594
21,292,583,307.42243359485235,0.006732183719314834,525.9234230575984
35,314,516,388.3805604080666,0.012928122803002207,801.510704595393
21,375,592,129.69219493471357,0.014221882373861582,843.8616528696338
21,383,399,208.9854134225563,0.012042673708855702,462.13487021148876
28,271,526,341.0657098107437,0.009596873869277545,579.6129586642877
28,388,525,362.5954017147583,0.010529528900128576,733.8289035925653
30,323,409,133.92365076769545,0.008321514020418086,463.0556646044903
30,211,334,276.01842846159724,0.0100120677765205,255.30630148718026
28,250,515,492.096704308457,0.01380225082221862,475.8937415950991
21,259,367,156.1868736126265,0.013148652417748232,287.60007570620917
25,289,384,231.71120251519866,0.005481254072741285,256.7524586574459
25,320,456,442.3542409479562,0.00466575076580057,312.04983242960867
28,240,589,260.53019868251585,0.009033002857263652,559.419136014597
30,343,539,205.03262204436578,0.008903821689113488,692.6806715929498
30,317,528,313.3428158359572,0.010868702821170684,726.7212472311555
30,294,555,477.14671829781895,0.009899104717462706,582.8772632653138
30,265,523,421.449038434722,0.0061720135009741255,392.2477809357247
28,328,570,421.4636784010208,0.008135284730076676,616.4614791354732
25,239,522,349.91346262709004,0.012916642266086817,455.5883288517184
21,335,431,419.93237068131936,0.008701775039456645,385.4791891886019
21,336,354,186.98407069804716,0.007986243958697528,364.8337124538053
25,386,537,355.4960931287696,0.014111781845409243,746.8884304396106
21,333,561,447.8317759270595,0.008291549413906025,485.87556730616086
21,381,468,244.43188755001736,0.005407471652185341,396.2436843944788
35,217,447,121.50729067996166,0.011920284988491925,523.844994710865
28,303,305,267.86427739842463,0.013566965423689658,320.55595403811935
25,363,570,361.69316561111776,0.012452546505806471,707.4754912840272
35,348,468,349.52121469015935,0.008359338920302028,537.3317713876335
28,221,469,413.07761321564897,0.012345889202857143,363.5409410688081
30,373,491,441.1562087445879,0.0044763255829081295,358.30275414745586
21,204,551,256.46030713430815,0.012625129798733321,380.64737672322775
30,302,433,291.87340125019426,0.013009727871233358,552.6751087445097
28,324,493,130.643345759783,0.010605125617582761,682.3068142467445
28,399,488,457.8379170198177,0.006889022651006493,513.0060769413305
25,326,489,224.7218755447299,0.010078032507877954,621.3602991597081
25,280,396,340.559676773816,0.0073539032008865714,360.2492400951545
30,292,569,389.2251941363236,0.013368334321466386,755.3658807676607
21,290,570,409.9452189968401,0.01114569776365406,445.7360279546561
28,361,480,260.8040658025605,0.013494234454577978,776.73091301999
35,358,356,354.1416415308959,0.007776774357931823,401.7853083591083
25,312,465,288.9791027418735,0.014327096540750482,561.5194009451333
21,360,420,120.4244878072336,0.005406977823073319,354.9456401742494
30,311,476,200.36175127866892,0.01192321641647746,760.5041505358417
35,327,468,314.5836772297974,0.010418464587268023,683.3794409585428
30,389,502,386.03067807545443,0.01227953758982576,780.5808980388802
30,332,586,161.85966810773445,0.0063319275219399455,486.1315709889354
30,217,516,259.25091086865376,0.009051517409112048,457.6879420878324
21,369,475,388.27369890907187,0.0042693581424968164,344.6430075267991
25,222,515,218.5219177529351,0.00644303528567643,336.7281431777838
25,233,400,179.4455994004331,0.006120380543807652,249.2712368916571
25,215,412,201.48730137348966,0.01073565978426084,349.68569809241563
30,395,443,418.8375466157385,0.00784207600125193,538.4360754676674
30,309,475,306.988299411377,0.008344198937630509,558.7611319439413
28,245,376,201.6586810066229,0.013854446994274629,402.6998422049246
25,252,442,335.1333718998042,0.005615372592329494,284.2660428155854
25,278,531,302.41744898853534,0.007736737977825951,467.27153210013444
35,362,583,403.2828594317068,0.009864206675849845,894.931181383686
21,388,423,180.2530857962264,0.005906553148706677,424.93010811681484
30,213,341,114.97097820380667,0.01058783474180777,349.08294393698793
25,361,482,380.6335295050418,0.011895151386986536,594.3553438577545
30,326,422,193.5030585500988,0.012540608602856145,614.1779779481524
28,306,535,256.9166206237952,0.012227018470171403,737.3200639808443
21,216,415,299.62796738728224,0.011944651023413891,252.58259048761002
25,274,592,157.46193218637248,0.014710075332372083,671.368117596353
35,245,560,153.00488768824286,0.008695981578373622,508.43814119809025
21,368,539,113.98436712210629,0.009075688920354858,660.8584362504441
28,308,427,97.55260121743389,0.0056774676897702716,293.0020004614997
35,358,430,220.12038202495822,0.006648782532560096,455.5456419246663
35,276,586,539.6414628782443,0.009945335820757767,645.9559397485589
25,258,528,202.0885381558333,0.009138653392801885,533.5450466788818
21,252,540,235.31886821221153,0.004553094726773661,274.38853354971525
35,302,520,190.5139378438803,0.014806506777585233,933.5444693765984
25,301,536,148.6972200751266,0.005449829460669114,389.86553175267784
25,392,412,368.7653792718241,0.006546531355144705,453.31869316481686
25,215,324,264.996173594333,0.0076972044144574155,247.1173780452762
21,261,504,431.98663582811656,0.008917381362794836,374.4991593730942
28,324,428,405.7542910201822,0.01086736704599853,504.98811621008053
25,203,530,169.67180670123074,0.006684588338501931,317.9591586000676
21,340,321,70.0423926207539,0.009463351912806827,409.5126870288983
21,241,480,345.2373303007269,0.010350762354617054,338.50869590008716
25,238,540,452.70798743756967,0.012577680885633262,427.1638647267619
21,284,326,212.7444677963186,0.010699901371854864,278.9257638232002
30,294,447,435.0075329815062,0.012950353247523482,443.61482453877824
21,386,378,97.59505065104362,0.009927708099525645,472.10724151115863
35,284,445,133.2237784580297,0.00485069947294418,251.95449113748307
28,326,381,244.93842111698643,0.009703667327281187,461.43264084449595
25,237,567,472.74038739943194,0.006577077773014914,334.09459628974935
30,367,519,131.39667686763755,0.009491724493414636,724.4630529902087
30,351,306,183.3204624861218,0.014446119957001088,471.1929965525949
35,336,410,403.2000403187352,0.010420526701686392,551.3982870676042
30,341,492,205.4686344667369,0.010533563628951415,688.3942190091317
30,290,315,247.69315103239072,0.011918181407748168,332.61593123428776
28,347,434,126.68892684584745,0.014773432102609261,751.1320020772896
21,341,580,518.1572859351907,0.00477835057762805,411.19196236816236
30,245,449,246.7181371409128,0.010789737476687076,530.3416699116697
35,207,444,415.5495401549841,0.00741313537572275,270.3434912061853
30,347,538,401.82518659615783,0.004245520391925557,361.9287247854418
28,258,499,284.25552384916654,0.006122079460396369,354.79257789108726
28,303,591,177.48746495564893,0.013941881879855808,818.8552783413955
28,221,596,559.8068434382044,0.006695729032934271,346.754305041526
30,278,421,228.47123527154983,0.00970771516449528,508.8248111303444
21,317,389,335.54720387734704,0.0058035668995505335,288.6418057208814
30,228,440,126.18189713053006,0.012015413640443437,455.45616982164944
28,359,593,473.6035198478207,0.014685084063885889,725.7834237425822
21,202,583,255.1672844330217,0.008228328953569196,360.474089097171
35,343,325,307.0632934339979,0.005805313718435958,276.24948947763954
25,321,400,397.5780718355975,0.005705098077431126,300.6497447302207
35,271,444,318.8456238637089,0.004380374950753546,215.7743528226813
25,391,550,461.34345482416194,0.005959403191972563,487.70265769455676
28,321,495,273.55721293401615,0.005320501167050051,348.3450726659983
25,264,558,425.83138472919916,0.010473580328241442,455.30683250750536
35,331,504,306.92556282364757,0.009812376802993832,627.0672490136386
35,265,599,438.75918466759373,0.008748463214480976,572.9376774655586
28,295,546,287.17427513906813,0.007326368107714427,464.64840845367974
21,248,590,152.28997430913887,0.005939083457717098,377.5254784676656
28,228,532,239.00467194830122,0.008342381403331269,422.2225877904132
30,290,590,205.86652142407434,0.006132952673654113,415.87245269736366
35,349,560,343.77154845990594,0.00843834116228967,636.7451224237883
28,241,462,435.28534567584614,0.010492469854461244,414.44212273262394
28,312,599,257.5998660433454,0.004700592878361861,401.8341718960946
35,283,491,403.36505238154325,0.012294458673535968,661.6254158474773
25,239,514,136.07938419851055,0.006697012002582476,339.230369028569
28,222,343,82.88086728841164,0.004430477607267475,139.45049241832493
30,393,461,208.95828540481168,0.005553173795670551,422.05537479571456
25,338,509,337.81633212215286,0.01026000130676542,634.9390370014466
28,272,413,108.91075594707411,0.0060733269143720525,288.33737785897114
35,233,589,182.03737542473522,0.01422624651189382,731.3543566199606
21,331,423,284.91468626973165,0.007333330243977574,436.1381549619845
28,301,568,448.0173788437728,0.010504318188767826,630.0677548548472
28,328,338,228.86787442603122,0.006854591468587953,314.29296426409496
30,351,476,409.34215082631096,0.004665472222280619,358.98306743030895
25,258,545,178.57091735663235,0.013345480353837381,571.4951647125034
35,270,598,477.2427021312147,0.010917027725892517,666.8114112635901
30,281,417,178.49639435247775,0.007063444319008714,324.2144121314273
25,352,481,206.87288041218832,0.012349303936871779,644.5589802096275
30,239,561,272.2742929373855,0.009915291504486425,613.2183075326711
25,262,364,229.99348863890287,0.01202508068828734,342.9689266625657
21,393,560,295.99756489178685,0.010479052704759009,646.5874161098506
28,283,370,264.1299633041125,0.0040147613164817665,186.31451079370072
21,276,307,238.0661287276946,0.007196748608780062,261.9031631390711
30,264,397,97.20513009208564,0.006543521636635411,286.2301943578284
21,204,375,333.49475209459234,0.005360497130767872,172.88748913854906
35,331,367,222.94009329628622,0.013450018571822174,610.308054662628
25,328,315,294.19442943618895,0.012743783700671812,339.66980040099463
25,238,447,328.59883995796105,0.007542558619115949,306.9684404758578
21,366,315,152.19757690213308,0.006392656766518151,295.2584087871243
28,339,393,335.7318209041641,0.009801421248025693,505.3158893437518
30,284,401,321.08309629361565,0.01444616576213287,424.62334695996805
21,343,307,193.31558615748904,0.007527190292962249,313.4351747546744
28,224,506,475.8090045186526,0.007502653772815832,392.0171916130994
35,285,459,116.69581966502369,0.01029138392792078,543.2640497945289
28,250,311,166.2126033750519,0.014241433153185816,328.9370125940432
21,235,474,343.54607369300055,0.004600011377000399,220.45671818631436
30,295,300,257.9395801057605,0.007528581702997474,257.9239411954191
35,351,365,289.36020352265524,0.01197016793227667,617.6568764140745
35,216,443,423.51989709172204,0.014299292491194052,442.69481736273696
